state,name,mean,duty_label
Alabama,duties_18,35.05037302708704,Donating to charity
Alabama,duties_22,39.95407005024239,Joining the military
Alabama,duties_25,42.33332429937978,Making the most of your opportunities
Alabama,duties_5,45.21343326465683,Staying informed of current events
Alabama,duties_17,47.984637697783725,Protesting unfairness
Alabama,duties_30,48.96401936162146,Being self-reliant
Alabama,duties_29,49.043784063434444,Welcoming refugees
Alabama,duties_24,50.782514273590174,Loving America
Alabama,duties_12,50.847234468295376,Working hard
Alabama,duties_27,53.60531234614208,Being grateful for your opportunities as an American
Alabama,duties_26,57.5518454583436,Connecting across differences
Alabama,duties_6,59.95981856589254,Doing community service
Alabama,duties_9,60.08910730377275,Caring for future generations
Alabama,duties_15,62.206498370356556,Supporting your family
Alabama,duties_11,64.14862507395102,Being patriotic
Alabama,duties_7,65.68026769115389,Respecting people's differences
Alabama,duties_13,66.05939270769382,Making your voice heard
Alabama,duties_8,66.2047368835847,Protecting the environment
Alabama,duties_20,69.47149762263263,Practicing freedom of speech
Alabama,duties_23,76.31229520289806,Supporting equality
Alabama,duties_21,77.76168555825187,Helping your community
Alabama,duties_16,80.04108155087087,Supporting democracy
Alabama,duties_14,83.43956525742006,Fighting for people’s rights
Alabama,duties_4,84.18232354420383,Reporting for jury duty
Alabama,duties_28,88.79104735429799,Honoring the flag
Alabama,duties_1,91.17204378244222,Voting
Alabama,duties_19,91.2910732605995,Defending freedom
Alabama,duties_3,96.09975361474665,Paying your taxes
Alabama,duties_2,99.20261840748871,Obeying the law
Alabama,duties_10,100,Following the Constitution
Alaska,duties_18,10.72170824683374,Donating to charity
Alaska,duties_25,19.927187220839564,Making the most of your opportunities
Alaska,duties_22,24.975494920296143,Joining the military
Alaska,duties_17,30.376549696150562,Protesting unfairness
Alaska,duties_5,44.63033636961297,Staying informed of current events
Alaska,duties_7,44.63033636961297,Respecting people's differences
Alaska,duties_14,63.56921527228053,Fighting for people’s rights
Alaska,duties_26,63.56921527228053,Connecting across differences
Alaska,duties_29,66.09137187722077,Welcoming refugees
Alaska,duties_15,67.37363947043194,Supporting your family
Alaska,duties_6,67.37363947043194,Doing community service
Alaska,duties_12,68.61752297173712,Working hard
Alaska,duties_23,76.54073435253176,Supporting equality
Alaska,duties_13,77.82300194574296,Making your voice heard
Alaska,duties_16,77.82300194574296,Supporting democracy
Alaska,duties_19,77.82300194574296,Defending freedom
Alaska,duties_20,77.82300194574296,Practicing freedom of speech
Alaska,duties_27,77.82300194574296,Being grateful for your opportunities as an American
Alaska,duties_30,77.82300194574296,Being self-reliant
Alaska,duties_9,77.82300194574296,Caring for future generations
Alaska,duties_8,89.55063752468898,Protecting the environment
Alaska,duties_11,90.79452102599416,Being patriotic
Alaska,duties_21,90.79452102599416,Helping your community
Alaska,duties_3,90.79452102599416,Paying your taxes
Alaska,duties_1,100,Voting
Alaska,duties_10,100,Following the Constitution
Alaska,duties_2,100,Obeying the law
Alaska,duties_24,100,Loving America
Alaska,duties_28,100,Honoring the flag
Alaska,duties_4,100,Reporting for jury duty
Arizona,duties_18,32.667732892361414,Donating to charity
Arizona,duties_22,37.33527292525056,Joining the military
Arizona,duties_6,45.1914458049078,Doing community service
Arizona,duties_25,46.22712669558787,Making the most of your opportunities
Arizona,duties_5,49.77391626646967,Staying informed of current events
Arizona,duties_29,52.02715093808573,Welcoming refugees
Arizona,duties_12,53.26873888144094,Working hard
Arizona,duties_26,55.3087722533956,Connecting across differences
Arizona,duties_17,56.11254963429818,Protesting unfairness
Arizona,duties_30,56.713576225512774,Being self-reliant
Arizona,duties_11,56.722134374214406,Being patriotic
Arizona,duties_13,60.16012918165783,Making your voice heard
Arizona,duties_24,61.20444555220333,Loving America
Arizona,duties_16,62.50110089566911,Supporting democracy
Arizona,duties_27,64.76067009228649,Being grateful for your opportunities as an American
Arizona,duties_21,64.8782543648409,Helping your community
Arizona,duties_9,67.02643103245198,Caring for future generations
Arizona,duties_23,69.64033181796661,Supporting equality
Arizona,duties_8,72.89788389244714,Protecting the environment
Arizona,duties_20,73.92717623228506,Practicing freedom of speech
Arizona,duties_7,74.56452215893408,Respecting people's differences
Arizona,duties_15,74.93336133443718,Supporting your family
Arizona,duties_28,77.3026607044879,Honoring the flag
Arizona,duties_14,79.16830657818775,Fighting for people’s rights
Arizona,duties_4,80.36674949776432,Reporting for jury duty
Arizona,duties_3,86.07945738281968,Paying your taxes
Arizona,duties_1,86.17084078510186,Voting
Arizona,duties_19,90.19146306559902,Defending freedom
Arizona,duties_2,93.04270537407214,Obeying the law
Arizona,duties_10,94.61179592277499,Following the Constitution
Arkansas,duties_18,27.77112111335435,Donating to charity
Arkansas,duties_22,31.01045785811378,Joining the military
Arkansas,duties_13,32.02382906964858,Making your voice heard
Arkansas,duties_17,36.396620839773455,Protesting unfairness
Arkansas,duties_29,45.03199570382907,Welcoming refugees
Arkansas,duties_30,51.17995846915346,Being self-reliant
Arkansas,duties_5,51.221033126506384,Staying informed of current events
Arkansas,duties_25,54.45514274682661,Making the most of your opportunities
Arkansas,duties_26,56.94148237533354,Connecting across differences
Arkansas,duties_16,59.145245214587064,Supporting democracy
Arkansas,duties_24,63.92699726927427,Loving America
Arkansas,duties_11,64.74880574395213,Being patriotic
Arkansas,duties_14,65.67350110345289,Fighting for people’s rights
Arkansas,duties_6,69.1155719713434,Doing community service
Arkansas,duties_12,69.64833876293028,Working hard
Arkansas,duties_9,71.5961013457269,Caring for future generations
Arkansas,duties_27,74.6778390091663,Being grateful for your opportunities as an American
Arkansas,duties_8,76.42921361603024,Protecting the environment
Arkansas,duties_7,77.86096520527053,Respecting people's differences
Arkansas,duties_20,78.50110689906874,Practicing freedom of speech
Arkansas,duties_1,78.93870272528851,Voting
Arkansas,duties_23,79.64547924464969,Supporting equality
Arkansas,duties_21,84.05212878752302,Helping your community
Arkansas,duties_15,86.80031336589164,Supporting your family
Arkansas,duties_4,89.56866845235388,Reporting for jury duty
Arkansas,duties_3,92.0991309117119,Paying your taxes
Arkansas,duties_2,93.99052300817685,Obeying the law
Arkansas,duties_19,94.44460932218963,Defending freedom
Arkansas,duties_10,95.8351067345575,Following the Constitution
Arkansas,duties_28,97.46953754064197,Honoring the flag
California,duties_18,39.4332086215944,Donating to charity
California,duties_22,42.95859374435894,Joining the military
California,duties_30,54.935456456562534,Being self-reliant
California,duties_29,54.99620583964367,Welcoming refugees
California,duties_25,56.527653395047416,Making the most of your opportunities
California,duties_5,59.32419792421339,Staying informed of current events
California,duties_12,61.67224027953083,Working hard
California,duties_6,62.70007354077172,Doing community service
California,duties_11,62.75109934013423,Being patriotic
California,duties_24,63.35572226333531,Loving America
California,duties_17,63.79438574833739,Protesting unfairness
California,duties_26,64.05810050048915,Connecting across differences
California,duties_13,64.94630480362372,Making your voice heard
California,duties_27,68.20548169154802,Being grateful for your opportunities as an American
California,duties_15,71.72594357676516,Supporting your family
California,duties_16,75.03586776369694,Supporting democracy
California,duties_21,76.00843020855196,Helping your community
California,duties_9,77.60438690235499,Caring for future generations
California,duties_14,78.00022056379339,Fighting for people’s rights
California,duties_7,78.64871785719305,Respecting people's differences
California,duties_23,79.50172793762013,Supporting equality
California,duties_4,79.5983672735257,Reporting for jury duty
California,duties_8,79.66114575713075,Protecting the environment
California,duties_1,81.25731874682208,Voting
California,duties_28,81.39701130040888,Honoring the flag
California,duties_20,83.58503385253906,Practicing freedom of speech
California,duties_3,86.229687652265,Paying your taxes
California,duties_2,89.256628706794,Obeying the law
California,duties_19,89.44530301168538,Defending freedom
California,duties_10,91.029435545759,Following the Constitution
Colorado,duties_18,35.10357850804362,Donating to charity
Colorado,duties_22,36.09802416230306,Joining the military
Colorado,duties_29,42.96602271659183,Welcoming refugees
Colorado,duties_26,47.53470061726291,Connecting across differences
Colorado,duties_25,50.731628076832266,Making the most of your opportunities
Colorado,duties_5,53.27862632109577,Staying informed of current events
Colorado,duties_24,53.70981981558036,Loving America
Colorado,duties_13,55.0092563928043,Making your voice heard
Colorado,duties_12,55.751498908353604,Working hard
Colorado,duties_6,56.44816989665814,Doing community service
Colorado,duties_11,58.87256892944691,Being patriotic
Colorado,duties_17,60.924333233109984,Protesting unfairness
Colorado,duties_27,62.21936769840799,Being grateful for your opportunities as an American
Colorado,duties_30,63.27420649422629,Being self-reliant
Colorado,duties_16,65.35939578323546,Supporting democracy
Colorado,duties_21,71.00013011338673,Helping your community
Colorado,duties_7,74.55930837880312,Respecting people's differences
Colorado,duties_15,75.49642960238432,Supporting your family
Colorado,duties_28,75.80633642776358,Honoring the flag
Colorado,duties_4,76.76523766387994,Reporting for jury duty
Colorado,duties_1,77.14279107615175,Voting
Colorado,duties_14,78.24418994116617,Fighting for people’s rights
Colorado,duties_23,78.7824412033483,Supporting equality
Colorado,duties_8,79.21365028100502,Protecting the environment
Colorado,duties_9,79.579655462425393,Caring for future generations
Colorado,duties_20,82.06748285400185,Practicing freedom of speech
Colorado,duties_3,84.40747912615188,Paying your taxes
Colorado,duties_19,84.46179691781191,Defending freedom
Colorado,duties_10,86.97837906755481,Following the Constitution
Colorado,duties_2,92.37332394856936,Obeying the law
Connecticut,duties_18,36.13498311158573,Donating to charity
Connecticut,duties_22,43.60211258165214,Joining the military
Connecticut,duties_29,44.973496316871234,Welcoming refugees
Connecticut,duties_30,46.025882953033104,Being self-reliant
Connecticut,duties_25,47.73869911960966,Making the most of your opportunities
Connecticut,duties_6,52.38684238908091,Doing community service
Connecticut,duties_12,52.74415996060227,Working hard
Connecticut,duties_17,54.039706223323236,Protesting unfairness
Connecticut,duties_24,54.84301061924081,Loving America
Connecticut,duties_13,56.80935879958259,Making your voice heard
Connecticut,duties_5,58.59993322017002,Staying informed of current events
Connecticut,duties_26,60.81263981946462,Connecting across differences
Connecticut,duties_27,62.55932118093791,Being grateful for your opportunities as an American
Connecticut,duties_11,63.311048544698025,Being patriotic
Connecticut,duties_15,66.29723423368222,Supporting your family
Connecticut,duties_21,69.38670048488424,Helping your community
Connecticut,duties_8,72.72202631788623,Protecting the environment
Connecticut,duties_7,72.8983907475107,Respecting people's differences
Connecticut,duties_14,73.95727274724165,Fighting for people’s rights
Connecticut,duties_9,75.38638811713541,Caring for future generations
Connecticut,duties_20,75.60948792957367,Practicing freedom of speech
Connecticut,duties_16,75.81945010231547,Supporting democracy
Connecticut,duties_23,75.8270875655688,Supporting equality
Connecticut,duties_28,78.72004910278828,Honoring the flag
Connecticut,duties_19,82.08610309622904,Defending freedom
Connecticut,duties_1,89.71944640955275,Voting
Connecticut,duties_4,92.78635040872474,Reporting for jury duty
Connecticut,duties_10,94.21978750606532,Following the Constitution
Connecticut,duties_3,96.64041021163258,Paying your taxes
Connecticut,duties_2,97.83126097303783,Obeying the law
Delaware,duties_18,22.720462431837745,Donating to charity
Delaware,duties_24,35.78146661369078,Loving America
Delaware,duties_22,38.10304565970103,Joining the military
Delaware,duties_12,41.62609865395924,Working hard
Delaware,duties_30,42.407901868933706,Being self-reliant
Delaware,duties_27,42.62462122960297,Being grateful for your opportunities as an American
Delaware,duties_17,43.782135479612435,Protesting unfairness
Delaware,duties_25,52.876456623596205,Making the most of your opportunities
Delaware,duties_11,55.66760653281787,Being patriotic
Delaware,duties_29,57.9172619135378,Welcoming refugees
Delaware,duties_9,59.52515842348508,Caring for future generations
Delaware,duties_13,59.570289892159565,Making your voice heard
Delaware,duties_5,60.16101183389123,Staying informed of current events
Delaware,duties_26,61.72741191282718,Connecting across differences
Delaware,duties_15,62.64819981263652,Supporting your family
Delaware,duties_20,66.20404077423069,Practicing freedom of speech
Delaware,duties_28,66.36779710840088,Honoring the flag
Delaware,duties_23,68.82154481476991,Supporting equality
Delaware,duties_16,69.99567551124164,Supporting democracy
Delaware,duties_7,70.44377936794584,Respecting people's differences
Delaware,duties_19,73.07510674525736,Defending freedom
Delaware,duties_14,74.67351894864571,Fighting for people’s rights
Delaware,duties_6,75.1635759293878,Doing community service
Delaware,duties_4,77.04232517874871,Reporting for jury duty
Delaware,duties_8,79.92029913858326,Protecting the environment
Delaware,duties_1,84.358934821796,Voting
Delaware,duties_3,85.15159178248875,Paying your taxes
Delaware,duties_10,85.98668233167123,Following the Constitution
Delaware,duties_2,92.65822450670647,Obeying the law
Delaware,duties_21,96.83816674469239,Helping your community
District of Columbia,duties_22,21.847505751278575,Joining the military
District of Columbia,duties_24,34.738389861872434,Loving America
District of Columbia,duties_30,35.21859613150899,Being self-reliant
District of Columbia,duties_11,40.53944726473697,Being patriotic
District of Columbia,duties_5,42.39939449143394,Staying informed of current events
District of Columbia,duties_15,42.82524623948421,Supporting your family
District of Columbia,duties_6,43.10590992623659,Doing community service
District of Columbia,duties_26,43.49782899750185,Connecting across differences
District of Columbia,duties_12,46.05984098084911,Working hard
District of Columbia,duties_18,50.00604459940917,Donating to charity
District of Columbia,duties_25,50.89505771252604,Making the most of your opportunities
District of Columbia,duties_28,51.213444190394576,Honoring the flag
District of Columbia,duties_27,53.82280438493464,Being grateful for your opportunities as an American
District of Columbia,duties_13,61.77973044845674,Making your voice heard
District of Columbia,duties_17,64.58721902444931,Protesting unfairness
District of Columbia,duties_9,66.14026927145066,Caring for future generations
District of Columbia,duties_23,68.92155159994348,Supporting equality
District of Columbia,duties_29,69.24119249513407,Welcoming refugees
District of Columbia,duties_16,75.95601835461878,Supporting democracy
District of Columbia,duties_7,77.39653693448936,Respecting people's differences
District of Columbia,duties_21,80.24300271892015,Helping your community
District of Columbia,duties_8,84.57733529441434,Protecting the environment
District of Columbia,duties_14,89.8646100216413,Fighting for people’s rights
District of Columbia,duties_20,90.37839269727885,Practicing freedom of speech
District of Columbia,duties_3,90.37839269727885,Paying your taxes
District of Columbia,duties_1,100,Voting
District of Columbia,duties_10,100,Following the Constitution
District of Columbia,duties_19,100,Defending freedom
District of Columbia,duties_2,100,Obeying the law
District of Columbia,duties_4,100,Reporting for jury duty
Florida,duties_18,34.89104504059601,Donating to charity
Florida,duties_22,39.582246502714234,Joining the military
Florida,duties_25,42.45454745175566,Making the most of your opportunities
Florida,duties_29,43.06996403127889,Welcoming refugees
Florida,duties_30,47.1881502879095,Being self-reliant
Florida,duties_17,48.441003057500694,Protesting unfairness
Florida,duties_12,50.52367909561997,Working hard
Florida,duties_26,50.73334721629117,Connecting across differences
Florida,duties_5,53.79269494958391,Staying informed of current events
Florida,duties_13,54.17190558832989,Making your voice heard
Florida,duties_6,54.73600867891879,Doing community service
Florida,duties_27,55.02061939081078,Being grateful for your opportunities as an American
Florida,duties_24,55.638993400036455,Loving America
Florida,duties_11,57.25170925144646,Being patriotic
Florida,duties_15,60.28127674702033,Supporting your family
Florida,duties_9,65.93337393658963,Caring for future generations
Florida,duties_23,66.27452553407103,Supporting equality
Florida,duties_7,67.00978614359785,Respecting people's differences
Florida,duties_21,68.81777124816236,Helping your community
Florida,duties_8,69.19399632367457,Protecting the environment
Florida,duties_14,71.9147242536938,Fighting for people’s rights
Florida,duties_28,73.72517463633932,Honoring the flag
Florida,duties_20,76.36484361539438,Practicing freedom of speech
Florida,duties_16,76.9329986108537,Supporting democracy
Florida,duties_4,83.1245114666029,Reporting for jury duty
Florida,duties_1,87.06664709851528,Voting
Florida,duties_19,87.14221617005227,Defending freedom
Florida,duties_3,89.10380947812709,Paying your taxes
Florida,duties_10,89.91012937722492,Following the Constitution
Florida,duties_2,91.6004652248132,Obeying the law
Georgia,duties_22,48.149623982495356,Joining the military
Georgia,duties_29,48.75796813180714,Welcoming refugees
Georgia,duties_18,50.921697834416214,Donating to charity
Georgia,duties_25,53.00956228148001,Making the most of your opportunities
Georgia,duties_26,56.13199751378367,Connecting across differences
Georgia,duties_6,56.7879286198955,Doing community service
Georgia,duties_5,58.012505049735864,Staying informed of current events
Georgia,duties_17,58.38303455250398,Protesting unfairness
Georgia,duties_11,60.416925549302526,Being patriotic
Georgia,duties_12,60.714894734396694,Working hard
Georgia,duties_13,62.99031581306909,Making your voice heard
Georgia,duties_30,65.77737171651842,Being self-reliant
Georgia,duties_27,66.6057899732176,Being grateful for your opportunities as an American
Georgia,duties_24,68.79657736358395,Loving America
Georgia,duties_15,72.09676813601772,Supporting your family
Georgia,duties_21,78.29950454942224,Helping your community
Georgia,duties_7,78.99910700265912,Respecting people's differences
Georgia,duties_9,79.4824139108339,Caring for future generations
Georgia,duties_16,79.84091326652253,Supporting democracy
Georgia,duties_23,79.88123687944227,Supporting equality
Georgia,duties_20,79.88325306070904,Practicing freedom of speech
Georgia,duties_8,81.88482506659697,Protecting the environment
Georgia,duties_28,82.17834276434235,Honoring the flag
Georgia,duties_14,82.18204288508018,Fighting for people’s rights
Georgia,duties_19,84.02166544503372,Defending freedom
Georgia,duties_10,87.37352456855693,Following the Constitution
Georgia,duties_1,90.89186828437201,Voting
Georgia,duties_4,92.47647681493683,Reporting for jury duty
Georgia,duties_3,94.64665927834548,Paying your taxes
Georgia,duties_2,96.6767016691767,Obeying the law
Hawaii,duties_22,44.80987778521835,Joining the military
Hawaii,duties_24,44.81203390458339,Loving America
Hawaii,duties_13,44.8237716635186,Making your voice heard
Hawaii,duties_18,44.8237716635186,Donating to charity
Hawaii,duties_30,50.268689838635225,Being self-reliant
Hawaii,duties_17,51.96829153627657,Protesting unfairness
Hawaii,duties_12,53.545277194786536,Working hard
Hawaii,duties_27,58.94065817811834,Being grateful for your opportunities as an American
Hawaii,duties_25,59.999020237717026,Making the most of your opportunities
Hawaii,duties_26,60.655841526242924,Connecting across differences
Hawaii,duties_29,60.655841526242924,Welcoming refugees
Hawaii,duties_15,61.81823982177185,Supporting your family
Hawaii,duties_5,69.64583311172609,Staying informed of current events
Hawaii,duties_6,72.14926722145927,Doing community service
Hawaii,duties_7,72.901108220394,Respecting people's differences
Hawaii,duties_16,74.3226465041671,Supporting democracy
Hawaii,duties_4,74.3226465041671,Reporting for jury duty
Hawaii,duties_20,74.77321817915437,Practicing freedom of speech
Hawaii,duties_1,76.91332405381827,Voting
Hawaii,duties_3,76.91332405381827,Paying your taxes
Hawaii,duties_14,77.11972567825178,Fighting for people’s rights
Hawaii,duties_9,77.36118482484325,Caring for future generations
Hawaii,duties_8,79.41798983161485,Protecting the environment
Hawaii,duties_21,82.22269326529549,Helping your community
Hawaii,duties_10,82.81754825710037,Following the Constitution
Hawaii,duties_28,91.50509824706673,Honoring the flag
Hawaii,duties_23,96.77799829937602,Supporting equality
Hawaii,duties_11,100,Being patriotic
Hawaii,duties_19,100,Defending freedom
Hawaii,duties_2,100,Obeying the law
Idaho,duties_30,26.177924181389784,Being self-reliant
Idaho,duties_18,28.45533994516098,Donating to charity
Idaho,duties_22,28.885765996426876,Joining the military
Idaho,duties_25,29.08166136007795,Making the most of your opportunities
Idaho,duties_15,32.561004033084274,Supporting your family
Idaho,duties_13,33.60646572347697,Making your voice heard
Idaho,duties_26,33.82569291766365,Connecting across differences
Idaho,duties_29,42.6445251342126,Welcoming refugees
Idaho,duties_17,44.28349335954098,Protesting unfairness
Idaho,duties_24,51.93211107765623,Loving America
Idaho,duties_5,53.18039134314178,Staying informed of current events
Idaho,duties_11,53.94230176406588,Being patriotic
Idaho,duties_9,60.41471133778945,Caring for future generations
Idaho,duties_16,62.4449423967571,Supporting democracy
Idaho,duties_12,63.157542377274254,Working hard
Idaho,duties_14,66.54314493985841,Fighting for people’s rights
Idaho,duties_8,66.76078958305254,Protecting the environment
Idaho,duties_27,69.12470531548351,Being grateful for your opportunities as an American
Idaho,duties_23,69.73728057587539,Supporting equality
Idaho,duties_6,70.89385325208596,Doing community service
Idaho,duties_21,71.41646706876385,Helping your community
Idaho,duties_20,72.5548828625883,Practicing freedom of speech
Idaho,duties_7,73.40391425036732,Respecting people's differences
Idaho,duties_28,76.03102019967315,Honoring the flag
Idaho,duties_4,81.24464797085504,Reporting for jury duty
Idaho,duties_1,84.66029490123576,Voting
Idaho,duties_3,88.3937080783185,Paying your taxes
Idaho,duties_10,95.07590987079922,Following the Constitution
Idaho,duties_19,95.80594022954652,Defending freedom
Idaho,duties_2,100,Obeying the law
Illinois,duties_18,33.8141007226061,Donating to charity
Illinois,duties_22,38.00250777771618,Joining the military
Illinois,duties_29,45.59774962201969,Welcoming refugees
Illinois,duties_25,48.80616658855361,Making the most of your opportunities
Illinois,duties_26,49.59950583443722,Connecting across differences
Illinois,duties_24,51.273256823748746,Loving America
Illinois,duties_30,52.4725231794132,Being self-reliant
Illinois,duties_17,54.705224364637814,Protesting unfairness
Illinois,duties_12,55.215141988664016,Working hard
Illinois,duties_5,55.62635742644175,Staying informed of current events
Illinois,duties_6,56.23161599732622,Doing community service
Illinois,duties_13,58.56384236878181,Making your voice heard
Illinois,duties_11,58.973699791769576,Being patriotic
Illinois,duties_27,62.09834041220892,Being grateful for your opportunities as an American
Illinois,duties_15,66.3666813519548,Supporting your family
Illinois,duties_23,68.17671135651224,Supporting equality
Illinois,duties_7,68.83984938545689,Respecting people's differences
Illinois,duties_9,70.05899172715864,Caring for future generations
Illinois,duties_14,72.14071789789756,Fighting for people’s rights
Illinois,duties_21,74.26779173525574,Helping your community
Illinois,duties_8,75.1498114026713,Protecting the environment
Illinois,duties_16,75.34140408619439,Supporting democracy
Illinois,duties_28,75.53257993583381,Honoring the flag
Illinois,duties_4,78.40404947820423,Reporting for jury duty
Illinois,duties_20,79.49881185110151,Practicing freedom of speech
Illinois,duties_1,82.7090947297889,Voting
Illinois,duties_19,83.87915482647142,Defending freedom
Illinois,duties_3,89.9688919151379,Paying your taxes
Illinois,duties_10,91.18583597129144,Following the Constitution
Illinois,duties_2,91.45656587149551,Obeying the law
Indiana,duties_29,32.86133612792579,Welcoming refugees
Indiana,duties_18,36.226512711036754,Donating to charity
Indiana,duties_25,43.355030628313365,Making the most of your opportunities
Indiana,duties_30,45.076117931334174,Being self-reliant
Indiana,duties_22,48.80402246981951,Joining the military
Indiana,duties_5,48.932263323295885,Staying informed of current events
Indiana,duties_17,51.87844962751078,Protesting unfairness
Indiana,duties_26,52.92109161293611,Connecting across differences
Indiana,duties_12,53.60739590051149,Working hard
Indiana,duties_13,55.643257087103635,Making your voice heard
Indiana,duties_7,60.08192983508774,Respecting people's differences
Indiana,duties_6,60.224020781612374,Doing community service
Indiana,duties_15,61.94596097558666,Supporting your family
Indiana,duties_24,62.324883909252435,Loving America
Indiana,duties_27,66.82321865408238,Being grateful for your opportunities as an American
Indiana,duties_8,68.96631930405096,Protecting the environment
Indiana,duties_11,70.06201598857535,Being patriotic
Indiana,duties_9,70.58405117906214,Caring for future generations
Indiana,duties_14,71.31412729961683,Fighting for people’s rights
Indiana,duties_16,73.90673692551854,Supporting democracy
Indiana,duties_23,74.01243457704125,Supporting equality
Indiana,duties_20,78.69082532055519,Practicing freedom of speech
Indiana,duties_21,80.23008754614385,Helping your community
Indiana,duties_28,82.26775811055163,Honoring the flag
Indiana,duties_1,84.00876125920088,Voting
Indiana,duties_19,84.69841721805913,Defending freedom
Indiana,duties_4,86.54606327293506,Reporting for jury duty
Indiana,duties_3,87.1828458577333,Paying your taxes
Indiana,duties_10,93.3663666290262,Following the Constitution
Indiana,duties_2,94.01177308213471,Obeying the law
Iowa,duties_17,17.73849900772035,Protesting unfairness
Iowa,duties_22,25.430214041163403,Joining the military
Iowa,duties_25,26.073612629500452,Making the most of your opportunities
Iowa,duties_18,28.314743996201635,Donating to charity
Iowa,duties_29,32.576851834530636,Welcoming refugees
Iowa,duties_13,34.61887673638534,Making your voice heard
Iowa,duties_12,34.97518278242062,Working hard
Iowa,duties_5,35.12344622254961,Staying informed of current events
Iowa,duties_26,37.35683952884302,Connecting across differences
Iowa,duties_6,37.584554056752324,Doing community service
Iowa,duties_24,39.07759068498234,Loving America
Iowa,duties_30,41.116921155417046,Being self-reliant
Iowa,duties_27,47.572710781155926,Being grateful for your opportunities as an American
Iowa,duties_11,49.72571605586385,Being patriotic
Iowa,duties_15,55.954945267405435,Supporting your family
Iowa,duties_20,56.36474760493123,Practicing freedom of speech
Iowa,duties_14,59.52772940271451,Fighting for people’s rights
Iowa,duties_16,60.59736364034306,Supporting democracy
Iowa,duties_28,65.40703684444979,Honoring the flag
Iowa,duties_8,67.70086536493474,Protecting the environment
Iowa,duties_7,70.57285491929078,Respecting people's differences
Iowa,duties_23,73.2948599042561,Supporting equality
Iowa,duties_9,76.58339997805082,Caring for future generations
Iowa,duties_21,82.53501286614491,Helping your community
Iowa,duties_3,83.58388024968491,Paying your taxes
Iowa,duties_19,87.33251538585655,Defending freedom
Iowa,duties_10,89.37267223931757,Following the Constitution
Iowa,duties_1,95.744595474839,Voting
Iowa,duties_2,96.7444097411692,Obeying the law
Iowa,duties_4,98.85004519933702,Reporting for jury duty
Kansas,duties_22,19.359020823937122,Joining the military
Kansas,duties_29,31.996704539067935,Welcoming refugees
Kansas,duties_24,35.234957033849355,Loving America
Kansas,duties_18,35.80318488532824,Donating to charity
Kansas,duties_30,41.506442900523524,Being self-reliant
Kansas,duties_26,42.657269716857556,Connecting across differences
Kansas,duties_17,44.852363212343974,Protesting unfairness
Kansas,duties_27,48.85053547930372,Being grateful for your opportunities as an American
Kansas,duties_13,52.835294901338244,Making your voice heard
Kansas,duties_11,52.850056346865195,Being patriotic
Kansas,duties_6,53.13214234747372,Doing community service
Kansas,duties_5,57.06876086600062,Staying informed of current events
Kansas,duties_28,57.259680061737036,Honoring the flag
Kansas,duties_25,57.34853017352385,Making the most of your opportunities
Kansas,duties_12,63.19222950992622,Working hard
Kansas,duties_21,63.8436134993337,Helping your community
Kansas,duties_8,65.14537317788309,Protecting the environment
Kansas,duties_14,65.52859696581518,Fighting for people’s rights
Kansas,duties_16,70.04890079146693,Supporting democracy
Kansas,duties_9,70.14754123758968,Caring for future generations
Kansas,duties_19,70.31621185770001,Defending freedom
Kansas,duties_15,73.0753200118343,Supporting your family
Kansas,duties_7,73.48985421791463,Respecting people's differences
Kansas,duties_23,74.07664087456334,Supporting equality
Kansas,duties_1,80.60320250168219,Voting
Kansas,duties_20,84.28276504486463,Practicing freedom of speech
Kansas,duties_3,88.35590778513651,Paying your taxes
Kansas,duties_2,90.2332087648233,Obeying the law
Kansas,duties_10,91.02663664879991,Following the Constitution
Kansas,duties_4,91.48656800382297,Reporting for jury duty
Kentucky,duties_29,37.0305989957042,Welcoming refugees
Kentucky,duties_18,38.101275332468646,Donating to charity
Kentucky,duties_12,41.24391029719885,Working hard
Kentucky,duties_5,41.53034172214763,Staying informed of current events
Kentucky,duties_25,42.318807128254804,Making the most of your opportunities
Kentucky,duties_30,43.94962510838346,Being self-reliant
Kentucky,duties_6,45.62294215970019,Doing community service
Kentucky,duties_22,45.93285102837738,Joining the military
Kentucky,duties_13,46.3341401422363,Making your voice heard
Kentucky,duties_26,46.36226091487033,Connecting across differences
Kentucky,duties_15,55.76747251820966,Supporting your family
Kentucky,duties_8,56.32321961821275,Protecting the environment
Kentucky,duties_17,56.65210342361656,Protesting unfairness
Kentucky,duties_7,56.900450424054426,Respecting people's differences
Kentucky,duties_27,57.48445882515287,Being grateful for your opportunities as an American
Kentucky,duties_24,65.71133537661693,Loving America
Kentucky,duties_21,65.80474034201438,Helping your community
Kentucky,duties_9,68.09529312075144,Caring for future generations
Kentucky,duties_23,68.45891059420961,Supporting equality
Kentucky,duties_20,70.57816852973737,Practicing freedom of speech
Kentucky,duties_11,73.861217748031,Being patriotic
Kentucky,duties_16,79.09736718154542,Supporting democracy
Kentucky,duties_19,80.08560127298578,Defending freedom
Kentucky,duties_14,81.62098963351725,Fighting for people’s rights
Kentucky,duties_28,83.35374467844974,Honoring the flag
Kentucky,duties_3,91.86292588506161,Paying your taxes
Kentucky,duties_10,92.86433973419457,Following the Constitution
Kentucky,duties_1,94.23168244922958,Voting
Kentucky,duties_2,94.69998456844074,Obeying the law
Kentucky,duties_4,96.86264995183403,Reporting for jury duty
Louisiana,duties_18,34.38750090933206,Donating to charity
Louisiana,duties_29,34.48076068200638,Welcoming refugees
Louisiana,duties_22,35.65787901343598,Joining the military
Louisiana,duties_26,39.15595756153874,Connecting across differences
Louisiana,duties_5,41.31385680369791,Staying informed of current events
Louisiana,duties_25,44.66916943740143,Making the most of your opportunities
Louisiana,duties_12,45.91226374002987,Working hard
Louisiana,duties_30,47.149013250511786,Being self-reliant
Louisiana,duties_11,49.41728087837792,Being patriotic
Louisiana,duties_13,49.80311783221983,Making your voice heard
Louisiana,duties_6,53.87728086697612,Doing community service
Louisiana,duties_24,54.658019784508724,Loving America
Louisiana,duties_27,56.969378881324815,Being grateful for your opportunities as an American
Louisiana,duties_17,62.629136019311915,Protesting unfairness
Louisiana,duties_16,63.427854353235055,Supporting democracy
Louisiana,duties_7,63.65227110478225,Respecting people's differences
Louisiana,duties_15,64.60777230680563,Supporting your family
Louisiana,duties_9,67.63343515431923,Caring for future generations
Louisiana,duties_21,70.88077997293314,Helping your community
Louisiana,duties_3,73.22032662785588,Paying your taxes
Louisiana,duties_1,75.42537131291846,Voting
Louisiana,duties_8,75.75095561503059,Protecting the environment
Louisiana,duties_20,76.74256431444036,Practicing freedom of speech
Louisiana,duties_28,77.48556893786777,Honoring the flag
Louisiana,duties_23,79.99933934237092,Supporting equality
Louisiana,duties_19,81.75031353130966,Defending freedom
Louisiana,duties_10,81.92028207842061,Following the Constitution
Louisiana,duties_4,84.68347497459118,Reporting for jury duty
Louisiana,duties_14,84.88982833643647,Fighting for people’s rights
Louisiana,duties_2,93.43440490667106,Obeying the law
Maine,duties_24,17.35453163809396,Loving America
Maine,duties_22,23.756917703210625,Joining the military
Maine,duties_18,31.89790290589243,Donating to charity
Maine,duties_25,34.032631417356605,Making the most of your opportunities
Maine,duties_30,34.032631417356605,Being self-reliant
Maine,duties_12,34.168975108927704,Working hard
Maine,duties_6,35.10628128295068,Doing community service
Maine,duties_5,35.376372439287266,Staying informed of current events
Maine,duties_13,38.765695076911875,Making your voice heard
Maine,duties_11,39.06687196791511,Being patriotic
Maine,duties_27,39.3405921532514,Being grateful for your opportunities as an American
Maine,duties_29,41.02178927406514,Welcoming refugees
Maine,duties_26,42.63790304424816,Connecting across differences
Maine,duties_15,43.40723913405633,Supporting your family
Maine,duties_7,48.88806499994756,Respecting people's differences
Maine,duties_8,49.97851840118729,Protecting the environment
Maine,duties_20,55.066656295234736,Practicing freedom of speech
Maine,duties_17,56.505059841459584,Protesting unfairness
Maine,duties_21,56.57694823541475,Helping your community
Maine,duties_9,57.27671553963144,Caring for future generations
Maine,duties_23,61.72165649083829,Supporting equality
Maine,duties_16,62.23393546452732,Supporting democracy
Maine,duties_19,62.70717914718198,Defending freedom
Maine,duties_10,70.48236719817056,Following the Constitution
Maine,duties_14,72.64206418422658,Fighting for people’s rights
Maine,duties_28,79.05972155555274,Honoring the flag
Maine,duties_1,82.26120641042051,Voting
Maine,duties_3,84.92876178044591,Paying your taxes
Maine,duties_4,88.60634862395706,Reporting for jury duty
Maine,duties_2,92.75097589295373,Obeying the law
Maryland,duties_18,28.581596766688307,Donating to charity
Maryland,duties_22,31.471028616595788,Joining the military
Maryland,duties_30,41.961972986898424,Being self-reliant
Maryland,duties_27,43.758679112394084,Being grateful for your opportunities as an American
Maryland,duties_25,45.42604580145927,Making the most of your opportunities
Maryland,duties_26,48.34804299628237,Connecting across differences
Maryland,duties_24,48.38810294269793,Loving America
Maryland,duties_29,48.81493731323794,Welcoming refugees
Maryland,duties_11,49.4246703193774,Being patriotic
Maryland,duties_5,49.49099658177594,Staying informed of current events
Maryland,duties_6,51.726488181411156,Doing community service
Maryland,duties_13,54.11892828825901,Making your voice heard
Maryland,duties_17,54.25818860658672,Protesting unfairness
Maryland,duties_12,55.365822786176246,Working hard
Maryland,duties_15,60.454729920628026,Supporting your family
Maryland,duties_9,61.42919365415709,Caring for future generations
Maryland,duties_28,63.73255869503771,Honoring the flag
Maryland,duties_20,66.92722518788192,Practicing freedom of speech
Maryland,duties_8,68.67391950868196,Protecting the environment
Maryland,duties_21,68.78310940964322,Helping your community
Maryland,duties_14,73.3157657686901,Fighting for people’s rights
Maryland,duties_19,73.93790628096382,Defending freedom
Maryland,duties_7,74.18497910475793,Respecting people's differences
Maryland,duties_16,75.23915225938151,Supporting democracy
Maryland,duties_23,76.41483867416817,Supporting equality
Maryland,duties_4,76.53584664022509,Reporting for jury duty
Maryland,duties_1,78.17908830570799,Voting
Maryland,duties_10,82.01192290959158,Following the Constitution
Maryland,duties_3,82.13048168858028,Paying your taxes
Maryland,duties_2,85.75437131160795,Obeying the law
Massachusetts,duties_18,27.511675185287732,Donating to charity
Massachusetts,duties_22,28.74065125254254,Joining the military
Massachusetts,duties_25,43.841854966807794,Making the most of your opportunities
Massachusetts,duties_26,48.465331985431995,Connecting across differences
Massachusetts,duties_12,49.73302541697931,Working hard
Massachusetts,duties_6,50.54503522299789,Doing community service
Massachusetts,duties_30,51.143375714051466,Being self-reliant
Massachusetts,duties_29,51.41006883849199,Welcoming refugees
Massachusetts,duties_13,51.580997136762775,Making your voice heard
Massachusetts,duties_24,52.9196417199763,Loving America
Massachusetts,duties_27,54.9458402835025,Being grateful for your opportunities as an American
Massachusetts,duties_17,57.50050545244946,Protesting unfairness
Massachusetts,duties_11,58.16215741571157,Being patriotic
Massachusetts,duties_5,58.31041325820582,Staying informed of current events
Massachusetts,duties_15,63.030454919813415,Supporting your family
Massachusetts,duties_21,64.90708172040387,Helping your community
Massachusetts,duties_9,72.35357865427638,Caring for future generations
Massachusetts,duties_7,74.23663279854145,Respecting people's differences
Massachusetts,duties_8,75.02257181466094,Protecting the environment
Massachusetts,duties_23,76.29272766240427,Supporting equality
Massachusetts,duties_14,76.76491479261446,Fighting for people’s rights
Massachusetts,duties_28,77.33455509999673,Honoring the flag
Massachusetts,duties_19,83.59937103187275,Defending freedom
Massachusetts,duties_20,83.83071378849482,Practicing freedom of speech
Massachusetts,duties_16,83.89068957524692,Supporting democracy
Massachusetts,duties_4,91.40653514305943,Reporting for jury duty
Massachusetts,duties_1,91.4077682274692,Voting
Massachusetts,duties_2,93.93159264075996,Obeying the law
Massachusetts,duties_3,94.89417584450868,Paying your taxes
Massachusetts,duties_10,97.84002229097203,Following the Constitution
Michigan,duties_22,32.97557420323494,Joining the military
Michigan,duties_18,34.852509320891215,Donating to charity
Michigan,duties_29,43.35767175399884,Welcoming refugees
Michigan,duties_25,45.80645570985012,Making the most of your opportunities
Michigan,duties_17,51.61279411816816,Protesting unfairness
Michigan,duties_5,51.61342964472587,Staying informed of current events
Michigan,duties_13,51.69051630141356,Making your voice heard
Michigan,duties_24,52.03576272072669,Loving America
Michigan,duties_30,55.14965632663396,Being self-reliant
Michigan,duties_12,56.49939668707508,Working hard
Michigan,duties_11,57.44059308032911,Being patriotic
Michigan,duties_26,57.48869235090011,Connecting across differences
Michigan,duties_15,57.90358110505124,Supporting your family
Michigan,duties_6,60.032326254464444,Doing community service
Michigan,duties_27,63.843332838171996,Being grateful for your opportunities as an American
Michigan,duties_23,67.4559911238357,Supporting equality
Michigan,duties_8,68.99786259039162,Protecting the environment
Michigan,duties_7,69.2489394625929,Respecting people's differences
Michigan,duties_21,69.6238187426448,Helping your community
Michigan,duties_16,69.94369167385507,Supporting democracy
Michigan,duties_14,70.05282087148636,Fighting for people’s rights
Michigan,duties_9,71.61669477440927,Caring for future generations
Michigan,duties_28,74.12558268184549,Honoring the flag
Michigan,duties_20,76.23221110228864,Practicing freedom of speech
Michigan,duties_1,82.1411598164972,Voting
Michigan,duties_10,88.51725140518997,Following the Constitution
Michigan,duties_4,89.54352478324954,Reporting for jury duty
Michigan,duties_19,90.90601307964401,Defending freedom
Michigan,duties_3,92.7063394526381,Paying your taxes
Michigan,duties_2,96.97527467536715,Obeying the law
Minnesota,duties_25,37.49570312801744,Making the most of your opportunities
Minnesota,duties_22,38.87205986365681,Joining the military
Minnesota,duties_18,44.77423892630285,Donating to charity
Minnesota,duties_12,49.55000166041149,Working hard
Minnesota,duties_24,49.66463036698379,Loving America
Minnesota,duties_26,49.71406664578231,Connecting across differences
Minnesota,duties_15,53.187781559742184,Supporting your family
Minnesota,duties_30,54.68645984841004,Being self-reliant
Minnesota,duties_11,56.17620634705178,Being patriotic
Minnesota,duties_5,56.46856856360055,Staying informed of current events
Minnesota,duties_27,61.531334345997934,Being grateful for your opportunities as an American
Minnesota,duties_9,63.53423475750451,Caring for future generations
Minnesota,duties_29,64.2217875269265,Welcoming refugees
Minnesota,duties_6,64.66300787775761,Doing community service
Minnesota,duties_8,65.74015961005402,Protecting the environment
Minnesota,duties_21,68.29256851567912,Helping your community
Minnesota,duties_7,68.4180292314891,Respecting people's differences
Minnesota,duties_13,68.75785384913097,Making your voice heard
Minnesota,duties_23,69.31697336907696,Supporting equality
Minnesota,duties_17,71.42861334984913,Protesting unfairness
Minnesota,duties_16,72.12055070297274,Supporting democracy
Minnesota,duties_28,72.66739230027746,Honoring the flag
Minnesota,duties_20,81.41916227148202,Practicing freedom of speech
Minnesota,duties_1,81.89183987255085,Voting
Minnesota,duties_14,86.18914347119568,Fighting for people’s rights
Minnesota,duties_3,87.23472232402428,Paying your taxes
Minnesota,duties_19,87.3283032854074,Defending freedom
Minnesota,duties_2,91.73627210017365,Obeying the law
Minnesota,duties_4,92.72298757884468,Reporting for jury duty
Minnesota,duties_10,96.0605755271534,Following the Constitution
Mississippi,duties_18,41.91786038004013,Donating to charity
Mississippi,duties_5,42.019286866434584,Staying informed of current events
Mississippi,duties_26,45.69978507481902,Connecting across differences
Mississippi,duties_29,48.46300350439167,Welcoming refugees
Mississippi,duties_25,49.81824378960148,Making the most of your opportunities
Mississippi,duties_17,52.86099195742588,Protesting unfairness
Mississippi,duties_22,57.018029052329034,Joining the military
Mississippi,duties_15,57.02119742851214,Supporting your family
Mississippi,duties_12,58.47670135191277,Working hard
Mississippi,duties_13,58.81265578120395,Making your voice heard
Mississippi,duties_16,63.30813234098449,Supporting democracy
Mississippi,duties_27,63.7242881763254,Being grateful for your opportunities as an American
Mississippi,duties_7,72.02763251511588,Respecting people's differences
Mississippi,duties_11,73.42954624048976,Being patriotic
Mississippi,duties_30,73.62389231136744,Being self-reliant
Mississippi,duties_6,74.66034651842021,Doing community service
Mississippi,duties_24,76.65742777022932,Loving America
Mississippi,duties_8,78.5766032717512,Protecting the environment
Mississippi,duties_14,81.37951040135003,Fighting for people’s rights
Mississippi,duties_21,82.19879558487008,Helping your community
Mississippi,duties_23,84.79623844536091,Supporting equality
Mississippi,duties_20,86.18588214053446,Practicing freedom of speech
Mississippi,duties_9,87.5190878132586,Caring for future generations
Mississippi,duties_2,89.24744471700163,Obeying the law
Mississippi,duties_1,92.12794834255473,Voting
Mississippi,duties_28,93.3455044159347,Honoring the flag
Mississippi,duties_4,93.62795374667859,Reporting for jury duty
Mississippi,duties_3,95.61021832128225,Paying your taxes
Mississippi,duties_19,96.89518189299329,Defending freedom
Mississippi,duties_10,100,Following the Constitution
Missouri,duties_18,34.006972487176654,Donating to charity
Missouri,duties_22,36.0668140909249,Joining the military
Missouri,duties_25,41.18888233282626,Making the most of your opportunities
Missouri,duties_30,44.64784833272335,Being self-reliant
Missouri,duties_5,45.57784832307388,Staying informed of current events
Missouri,duties_29,47.40769002973428,Welcoming refugees
Missouri,duties_6,49.84505876174485,Doing community service
Missouri,duties_17,51.122377133457995,Protesting unfairness
Missouri,duties_12,52.41378488075553,Working hard
Missouri,duties_13,53.096933751709464,Making your voice heard
Missouri,duties_26,53.399038349528915,Connecting across differences
Missouri,duties_24,58.840637130267126,Loving America
Missouri,duties_11,61.40298923431487,Being patriotic
Missouri,duties_15,61.525204551193994,Supporting your family
Missouri,duties_27,61.73594506827218,Being grateful for your opportunities as an American
Missouri,duties_21,62.78479739790272,Helping your community
Missouri,duties_7,68.01666390936929,Respecting people's differences
Missouri,duties_23,68.54874188822562,Supporting equality
Missouri,duties_16,69.9418167828523,Supporting democracy
Missouri,duties_8,71.51086375713682,Protecting the environment
Missouri,duties_14,72.23694092122724,Fighting for people’s rights
Missouri,duties_9,73.22279661690693,Caring for future generations
Missouri,duties_28,77.7184865521806,Honoring the flag
Missouri,duties_20,84.01244281510762,Practicing freedom of speech
Missouri,duties_19,87.49450792125685,Defending freedom
Missouri,duties_3,91.21664369566686,Paying your taxes
Missouri,duties_1,93.61909088882527,Voting
Missouri,duties_4,93.64011487168257,Reporting for jury duty
Missouri,duties_10,95.90601442492435,Following the Constitution
Missouri,duties_2,96.50077599676167,Obeying the law
Montana,duties_22,18.907071611667046,Joining the military
Montana,duties_29,37.70312031447761,Welcoming refugees
Montana,duties_18,43.50218887837565,Donating to charity
Montana,duties_12,44.87397341930382,Working hard
Montana,duties_25,48.64631218738364,Making the most of your opportunities
Montana,duties_26,50.72282847841165,Connecting across differences
Montana,duties_24,50.740213834767125,Loving America
Montana,duties_30,51.23031015810018,Being self-reliant
Montana,duties_11,52.92342095289035,Being patriotic
Montana,duties_27,53.04991264841837,Being grateful for your opportunities as an American
Montana,duties_13,53.30682644912819,Making your voice heard
Montana,duties_15,53.66394380086362,Supporting your family
Montana,duties_17,54.26617540395515,Protesting unfairness
Montana,duties_21,55.126428939446384,Helping your community
Montana,duties_5,60.14406055292636,Staying informed of current events
Montana,duties_9,60.501177904661795,Caring for future generations
Montana,duties_16,63.18141113531405,Supporting democracy
Montana,duties_20,63.68740747846986,Practicing freedom of speech
Montana,duties_23,65.76392376949786,Supporting equality
Montana,duties_6,66.1210411212333,Doing community service
Montana,duties_8,68.19755741226132,Protecting the environment
Montana,duties_28,75.84429811769698,Honoring the flag
Montana,duties_1,79.8948305527447,Voting
Montana,duties_19,83.89779497703192,Defending freedom
Montana,duties_7,86.10080296358794,Respecting people's differences
Montana,duties_14,86.60828464327648,Fighting for people’s rights
Montana,duties_10,91.11843457706794,Following the Constitution
Montana,duties_2,91.11843457706794,Obeying the law
Montana,duties_3,91.11843457706794,Paying your taxes
Montana,duties_4,91.11843457706794,Reporting for jury duty
Nebraska,duties_18,18.934352412305337,Donating to charity
Nebraska,duties_22,26.90721531546412,Joining the military
Nebraska,duties_17,27.041583583560662,Protesting unfairness
Nebraska,duties_25,34.19939092696491,Making the most of your opportunities
Nebraska,duties_29,40.696911900230226,Welcoming refugees
Nebraska,duties_12,41.79330012695916,Working hard
Nebraska,duties_14,44.47080276750903,Fighting for people’s rights
Nebraska,duties_6,49.17862896095182,Doing community service
Nebraska,duties_30,50.23253950739285,Being self-reliant
Nebraska,duties_26,51.2984935286251,Connecting across differences
Nebraska,duties_11,51.909764134527734,Being patriotic
Nebraska,duties_15,53.32421271398675,Supporting your family
Nebraska,duties_21,55.06770216269381,Helping your community
Nebraska,duties_24,56.59974906298907,Loving America
Nebraska,duties_27,57.09879322414785,Being grateful for your opportunities as an American
Nebraska,duties_8,59.05288319218622,Protecting the environment
Nebraska,duties_13,61.5635523002156,Making your voice heard
Nebraska,duties_5,63.70985470279729,Staying informed of current events
Nebraska,duties_9,67.93849226438557,Caring for future generations
Nebraska,duties_28,71.24186330307356,Honoring the flag
Nebraska,duties_7,76.27778405850464,Respecting people's differences
Nebraska,duties_23,80.0345416013569,Supporting equality
Nebraska,duties_16,84.65086240308042,Supporting democracy
Nebraska,duties_19,86.66401772766633,Defending freedom
Nebraska,duties_4,87.16596043778677,Reporting for jury duty
Nebraska,duties_20,93.05227830616512,Practicing freedom of speech
Nebraska,duties_3,95.78118812683013,Paying your taxes
Nebraska,duties_1,100,Voting
Nebraska,duties_10,100,Following the Constitution
Nebraska,duties_2,100,Obeying the law
Nevada,duties_22,37.5013231338455,Joining the military
Nevada,duties_6,42.48964290026475,Doing community service
Nevada,duties_18,43.09098281193865,Donating to charity
Nevada,duties_24,49.80139581091307,Loving America
Nevada,duties_11,50.93687536800709,Being patriotic
Nevada,duties_5,51.48347436856454,Staying informed of current events
Nevada,duties_30,51.80984408958741,Being self-reliant
Nevada,duties_12,53.72780627007438,Working hard
Nevada,duties_29,54.09983507059795,Welcoming refugees
Nevada,duties_13,55.14247447247246,Making your voice heard
Nevada,duties_15,56.7680919628623,Supporting your family
Nevada,duties_17,59.73837448107412,Protesting unfairness
Nevada,duties_16,61.806305115805905,Supporting democracy
Nevada,duties_26,62.715596590582244,Connecting across differences
Nevada,duties_27,67.57608129469071,Being grateful for your opportunities as an American
Nevada,duties_21,69.46767170253645,Helping your community
Nevada,duties_25,69.71865278236197,Making the most of your opportunities
Nevada,duties_9,70.68363285987674,Caring for future generations
Nevada,duties_7,73.57705222240708,Respecting people's differences
Nevada,duties_10,74.1576256919205,Following the Constitution
Nevada,duties_1,74.72484632662997,Voting
Nevada,duties_23,74.79687250132612,Supporting equality
Nevada,duties_20,75.90460941730335,Practicing freedom of speech
Nevada,duties_28,76.41962358160461,Honoring the flag
Nevada,duties_4,81.61936204809611,Reporting for jury duty
Nevada,duties_14,83.23163779326997,Fighting for people’s rights
Nevada,duties_8,83.6580394581716,Protecting the environment
Nevada,duties_3,85.21195192189539,Paying your taxes
Nevada,duties_19,89.97760377747656,Defending freedom
Nevada,duties_2,93.8211557804792,Obeying the law
New Hampshire,duties_22,35.49916269113564,Joining the military
New Hampshire,duties_18,41.50568761294633,Donating to charity
New Hampshire,duties_25,47.6401352959182,Making the most of your opportunities
New Hampshire,duties_13,51.56124538295758,Making your voice heard
New Hampshire,duties_6,55.67404691196035,Doing community service
New Hampshire,duties_17,55.89913122657029,Protesting unfairness
New Hampshire,duties_5,57.160075355957176,Staying informed of current events
New Hampshire,duties_12,58.81003665486039,Working hard
New Hampshire,duties_24,58.87869388328622,Loving America
New Hampshire,duties_27,63.70980822524708,Being grateful for your opportunities as an American
New Hampshire,duties_26,66.53083302324218,Connecting across differences
New Hampshire,duties_8,67.23882681097723,Protecting the environment
New Hampshire,duties_29,67.5458430358255,Welcoming refugees
New Hampshire,duties_11,68.2169224466545,Being patriotic
New Hampshire,duties_28,69.2319324592378,Honoring the flag
New Hampshire,duties_1,69.69371348615205,Voting
New Hampshire,duties_21,69.77041922516094,Helping your community
New Hampshire,duties_14,73.8594505982078,Fighting for people’s rights
New Hampshire,duties_30,75.20852858525609,Being self-reliant
New Hampshire,duties_9,75.41060611260545,Caring for future generations
New Hampshire,duties_4,77.59108178061369,Reporting for jury duty
New Hampshire,duties_23,78.36911643687546,Supporting equality
New Hampshire,duties_7,78.36911643687546,Respecting people's differences
New Hampshire,duties_20,78.40113793241247,Practicing freedom of speech
New Hampshire,duties_19,80.93273034659616,Defending freedom
New Hampshire,duties_15,83.41613579394291,Supporting your family
New Hampshire,duties_16,84.80078665271157,Supporting democracy
New Hampshire,duties_2,90.53611854567096,Obeying the law
New Hampshire,duties_10,94.35222287504853,Following the Constitution
New Hampshire,duties_3,94.35222287504853,Paying your taxes
New Jersey,duties_22,39.08974096904302,Joining the military
New Jersey,duties_18,40.03160767261646,Donating to charity
New Jersey,duties_25,40.686579131076265,Making the most of your opportunities
New Jersey,duties_29,44.3940503002552,Welcoming refugees
New Jersey,duties_13,45.41415793682128,Making your voice heard
New Jersey,duties_5,48.31394362039889,Staying informed of current events
New Jersey,duties_30,50.175006630825905,Being self-reliant
New Jersey,duties_12,50.8970276853843,Working hard
New Jersey,duties_17,52.57884643454008,Protesting unfairness
New Jersey,duties_26,52.869622775758586,Connecting across differences
New Jersey,duties_6,58.591714050351115,Doing community service
New Jersey,duties_24,63.97861369492336,Loving America
New Jersey,duties_11,64.59635395901103,Being patriotic
New Jersey,duties_27,65.4290027733979,Being grateful for your opportunities as an American
New Jersey,duties_15,67.2667938288308,Supporting your family
New Jersey,duties_21,72.49064567894212,Helping your community
New Jersey,duties_14,72.5519915195649,Fighting for people’s rights
New Jersey,duties_9,74.18889770640784,Caring for future generations
New Jersey,duties_23,77.23107361887742,Supporting equality
New Jersey,duties_7,77.29253775951864,Respecting people's differences
New Jersey,duties_20,77.76720793150356,Practicing freedom of speech
New Jersey,duties_8,79.61204156197881,Protecting the environment
New Jersey,duties_28,82.81158203351515,Honoring the flag
New Jersey,duties_16,87.20119902693133,Supporting democracy
New Jersey,duties_1,87.83452004219583,Voting
New Jersey,duties_4,90.0882251887166,Reporting for jury duty
New Jersey,duties_19,92.1005486027568,Defending freedom
New Jersey,duties_3,93.72591279827452,Paying your taxes
New Jersey,duties_10,96.07846572998949,Following the Constitution
New Jersey,duties_2,96.60067249427536,Obeying the law
New Mexico,duties_22,41.84165147723551,Joining the military
New Mexico,duties_11,44.23862855506215,Being patriotic
New Mexico,duties_24,46.210586833399844,Loving America
New Mexico,duties_30,56.50855728124875,Being self-reliant
New Mexico,duties_18,57.98969816884144,Donating to charity
New Mexico,duties_23,60.69726578723844,Supporting equality
New Mexico,duties_15,64.60821539625276,Supporting your family
New Mexico,duties_5,67.17414624252831,Staying informed of current events
New Mexico,duties_25,67.51818219222773,Making the most of your opportunities
New Mexico,duties_13,67.92088817209283,Making your voice heard
New Mexico,duties_28,69.68937221067432,Honoring the flag
New Mexico,duties_12,70.40642106763869,Working hard
New Mexico,duties_29,71.9087376234552,Welcoming refugees
New Mexico,duties_1,74.95367857172248,Voting
New Mexico,duties_7,76.06845544317837,Respecting people's differences
New Mexico,duties_27,76.7757136016889,Being grateful for your opportunities as an American
New Mexico,duties_20,76.87757802399176,Practicing freedom of speech
New Mexico,duties_26,77.3365975316469,Connecting across differences
New Mexico,duties_21,78.16759087239824,Helping your community
New Mexico,duties_6,79.92146973547577,Doing community service
New Mexico,duties_17,81.54669744457324,Protesting unfairness
New Mexico,duties_14,84.72940480515796,Fighting for people’s rights
New Mexico,duties_9,85.3141513434029,Caring for future generations
New Mexico,duties_8,87.03271334713085,Protecting the environment
New Mexico,duties_3,87.20728558430962,Paying your taxes
New Mexico,duties_4,87.20728558430962,Reporting for jury duty
New Mexico,duties_16,94.02957603140224,Supporting democracy
New Mexico,duties_19,96.00490197386084,Defending freedom
New Mexico,duties_10,96.57246732097437,Following the Constitution
New Mexico,duties_2,98.7478059490909,Obeying the law
New York,duties_18,41.74611895034614,Donating to charity
New York,duties_25,48.25523502301483,Making the most of your opportunities
New York,duties_29,49.125994600882706,Welcoming refugees
New York,duties_22,49.9347990234401,Joining the military
New York,duties_12,50.33797996038977,Working hard
New York,duties_5,51.621201275967806,Staying informed of current events
New York,duties_26,51.732678734015636,Connecting across differences
New York,duties_13,53.92819254858197,Making your voice heard
New York,duties_30,54.90019774930801,Being self-reliant
New York,duties_11,58.28627277156251,Being patriotic
New York,duties_27,59.64135237502087,Being grateful for your opportunities as an American
New York,duties_17,59.70219414780769,Protesting unfairness
New York,duties_24,60.03885992496638,Loving America
New York,duties_15,62.8890738380275,Supporting your family
New York,duties_6,63.71088264202493,Doing community service
New York,duties_9,71.4362893078236,Caring for future generations
New York,duties_14,72.02974135151425,Fighting for people’s rights
New York,duties_8,73.38828855657098,Protecting the environment
New York,duties_7,73.71969752662214,Respecting people's differences
New York,duties_21,74.42531740146673,Helping your community
New York,duties_28,75.21772755394035,Honoring the flag
New York,duties_23,75.39881873589101,Supporting equality
New York,duties_16,79.91974842799927,Supporting democracy
New York,duties_20,83.79246530616165,Practicing freedom of speech
New York,duties_19,85.2500401354654,Defending freedom
New York,duties_4,85.27743310081533,Reporting for jury duty
New York,duties_10,88.85070602796726,Following the Constitution
New York,duties_3,89.32850988334206,Paying your taxes
New York,duties_1,89.64332268490107,Voting
New York,duties_2,90.36415189345,Obeying the law
North Carolina,duties_18,37.00271242859649,Donating to charity
North Carolina,duties_22,38.49290278702046,Joining the military
North Carolina,duties_25,46.12012524348693,Making the most of your opportunities
North Carolina,duties_29,46.576090285156276,Welcoming refugees
North Carolina,duties_30,49.66520845406548,Being self-reliant
North Carolina,duties_26,51.01192667085297,Connecting across differences
North Carolina,duties_5,51.9449840251648,Staying informed of current events
North Carolina,duties_13,53.73921124955699,Making your voice heard
North Carolina,duties_24,58.393104413094235,Loving America
North Carolina,duties_17,59.15411390961462,Protesting unfairness
North Carolina,duties_6,60.18531863426615,Doing community service
North Carolina,duties_12,61.47254076643963,Working hard
North Carolina,duties_27,62.50855779491727,Being grateful for your opportunities as an American
North Carolina,duties_11,66.53027774704381,Being patriotic
North Carolina,duties_15,67.89042752130952,Supporting your family
North Carolina,duties_7,68.12114100855747,Respecting people's differences
North Carolina,duties_9,73.35135920253354,Caring for future generations
North Carolina,duties_23,73.72877663119647,Supporting equality
North Carolina,duties_21,73.9524010282212,Helping your community
North Carolina,duties_8,75.06784608024739,Protecting the environment
North Carolina,duties_28,77.568515285485,Honoring the flag
North Carolina,duties_14,78.77108765311408,Fighting for people’s rights
North Carolina,duties_20,79.84313280791994,Practicing freedom of speech
North Carolina,duties_16,83.3603593929388,Supporting democracy
North Carolina,duties_4,88.28274820250486,Reporting for jury duty
North Carolina,duties_19,89.14674467440342,Defending freedom
North Carolina,duties_1,91.47374475036189,Voting
North Carolina,duties_10,92.90989674958321,Following the Constitution
North Carolina,duties_3,93.67753657614121,Paying your taxes
North Carolina,duties_2,96.76790491941746,Obeying the law
North Dakota,duties_13,15.433766595636996,Making your voice heard
North Dakota,duties_22,20.601508531644875,Joining the military
North Dakota,duties_17,22.439598991725255,Protesting unfairness
North Dakota,duties_18,22.439598991725255,Donating to charity
North Dakota,duties_5,25.643648915928164,Staying informed of current events
North Dakota,duties_7,39.685954386928216,Respecting people's differences
North Dakota,duties_29,40.66697479503444,Welcoming refugees
North Dakota,duties_23,47.808321848467386,Supporting equality
North Dakota,duties_26,47.808321848467386,Connecting across differences
North Dakota,duties_11,54.9546128283382,Being patriotic
North Dakota,duties_24,54.9546128283382,Loving America
North Dakota,duties_25,54.98915025165838,Making the most of your opportunities
North Dakota,duties_30,54.98915025165838,Being self-reliant
North Dakota,duties_14,56.953948550192024,Fighting for people’s rights
North Dakota,duties_4,56.953948550192024,Reporting for jury duty
North Dakota,duties_6,60.444616343978616,Doing community service
North Dakota,duties_12,60.56733290419698,Working hard
North Dakota,duties_15,63.11151771319754,Supporting your family
North Dakota,duties_21,65.0763160117312,Helping your community
North Dakota,duties_8,65.0763160117312,Protecting the environment
North Dakota,duties_20,67.46829132176408,Practicing freedom of speech
North Dakota,duties_9,70.2528647666305,Caring for future generations
North Dakota,duties_27,74.60963837519704,Being grateful for your opportunities as an American
North Dakota,duties_3,82.7320058367362,Paying your taxes
North Dakota,duties_16,91.87763253846083,Supporting democracy
North Dakota,duties_19,91.87763253846083,Defending freedom
North Dakota,duties_2,91.87763253846083,Obeying the law
North Dakota,duties_28,92.82411552324686,Honoring the flag
North Dakota,duties_1,100,Voting
North Dakota,duties_10,100,Following the Constitution
Ohio,duties_18,28.935752998473514,Donating to charity
Ohio,duties_29,40.44974373971441,Welcoming refugees
Ohio,duties_22,40.453975028463866,Joining the military
Ohio,duties_25,41.89337697118675,Making the most of your opportunities
Ohio,duties_26,47.259161718858486,Connecting across differences
Ohio,duties_5,49.396527816440994,Staying informed of current events
Ohio,duties_13,50.11332394417314,Making your voice heard
Ohio,duties_12,50.4720889711233,Working hard
Ohio,duties_17,51.06360338411995,Protesting unfairness
Ohio,duties_6,51.09110941951042,Doing community service
Ohio,duties_30,52.14538008480114,Being self-reliant
Ohio,duties_11,56.10515288975405,Being patriotic
Ohio,duties_27,56.50909625711543,Being grateful for your opportunities as an American
Ohio,duties_24,57.32711048213379,Loving America
Ohio,duties_15,58.133729478972654,Supporting your family
Ohio,duties_23,63.61739192678457,Supporting equality
Ohio,duties_7,67.20860097512414,Respecting people's differences
Ohio,duties_9,67.83802655591606,Caring for future generations
Ohio,duties_21,68.59601786657277,Helping your community
Ohio,duties_14,70.73357860652271,Fighting for people’s rights
Ohio,duties_8,72.46768994271132,Protecting the environment
Ohio,duties_20,73.13001578104505,Practicing freedom of speech
Ohio,duties_16,74.58857676892318,Supporting democracy
Ohio,duties_28,75.72236211386382,Honoring the flag
Ohio,duties_1,82.91929204422762,Voting
Ohio,duties_4,83.71610397954689,Reporting for jury duty
Ohio,duties_19,88.16819277552472,Defending freedom
Ohio,duties_3,88.9184997199825,Paying your taxes
Ohio,duties_10,93.0986913471729,Following the Constitution
Ohio,duties_2,96.15143444150645,Obeying the law
Oklahoma,duties_29,36.56324903181843,Welcoming refugees
Oklahoma,duties_18,39.21696544777202,Donating to charity
Oklahoma,duties_22,41.86091723956934,Joining the military
Oklahoma,duties_25,48.18687016272303,Making the most of your opportunities
Oklahoma,duties_17,55.770414251105215,Protesting unfairness
Oklahoma,duties_13,58.89305905339069,Making your voice heard
Oklahoma,duties_26,60.85814772448188,Connecting across differences
Oklahoma,duties_5,63.25092239115456,Staying informed of current events
Oklahoma,duties_30,65.23116768651795,Being self-reliant
Oklahoma,duties_9,65.30211915580155,Caring for future generations
Oklahoma,duties_11,65.69351944803627,Being patriotic
Oklahoma,duties_7,66.18785234728793,Respecting people's differences
Oklahoma,duties_6,66.33531393256379,Doing community service
Oklahoma,duties_12,67.19261990581896,Working hard
Oklahoma,duties_14,68.10083008266118,Fighting for people’s rights
Oklahoma,duties_15,68.87193141114163,Supporting your family
Oklahoma,duties_24,73.128016866054807,Loving America
Oklahoma,duties_16,77.12021007913947,Supporting democracy
Oklahoma,duties_23,77.82455139269311,Supporting equality
Oklahoma,duties_8,78.28778938686605,Protecting the environment
Oklahoma,duties_27,78.85124772481508,Being grateful for your opportunities as an American
Oklahoma,duties_20,81.61504818423558,Practicing freedom of speech
Oklahoma,duties_21,82.02517100706193,Helping your community
Oklahoma,duties_28,83.94769810292391,Honoring the flag
Oklahoma,duties_1,87.64205500484694,Voting
Oklahoma,duties_3,89.18159200446881,Paying your taxes
Oklahoma,duties_4,91.27699494226977,Reporting for jury duty
Oklahoma,duties_19,92.1029435638912,Defending freedom
Oklahoma,duties_10,100,Following the Constitution
Oklahoma,duties_2,100,Obeying the law
Oregon,duties_18,26.396658051411485,Donating to charity
Oregon,duties_5,34.896664502591626,Staying informed of current events
Oregon,duties_25,37.00451835328155,Making the most of your opportunities
Oregon,duties_12,40.52628613206162,Working hard
Oregon,duties_22,41.24094386015168,Joining the military
Oregon,duties_30,43.34334221498983,Being self-reliant
Oregon,duties_29,44.100019389195644,Welcoming refugees
Oregon,duties_24,44.4123117776874,Loving America
Oregon,duties_13,45.07780576044093,Making your voice heard
Oregon,duties_11,48.90863024020343,Being patriotic
Oregon,duties_6,49.751531442306906,Doing community service
Oregon,duties_15,57.553631741204235,Supporting your family
Oregon,duties_27,58.311681693547115,Being grateful for your opportunities as an American
Oregon,duties_9,58.96923326350232,Caring for future generations
Oregon,duties_17,63.70567802062692,Protesting unfairness
Oregon,duties_26,67.03611731316286,Connecting across differences
Oregon,duties_7,69.23906972978877,Respecting people's differences
Oregon,duties_21,73.53006696224516,Helping your community
Oregon,duties_8,74.02074238152687,Protecting the environment
Oregon,duties_28,74.94305882788727,Honoring the flag
Oregon,duties_16,75.08563603013101,Supporting democracy
Oregon,duties_14,82.4278974245521,Fighting for people’s rights
Oregon,duties_3,85.02316931009112,Paying your taxes
Oregon,duties_4,85.75083499815274,Reporting for jury duty
Oregon,duties_20,86.08221067783602,Practicing freedom of speech
Oregon,duties_23,86.42948896609084,Supporting equality
Oregon,duties_1,87.32473414217701,Voting
Oregon,duties_19,91.03014548851402,Defending freedom
Oregon,duties_10,93.16010761052564,Following the Constitution
Oregon,duties_2,95.81041408017954,Obeying the law
Pennsylvania,duties_18,29.287533933138178,Donating to charity
Pennsylvania,duties_22,42.2551862411151,Joining the military
Pennsylvania,duties_29,46.47425012982201,Welcoming refugees
Pennsylvania,duties_25,47.155434880283806,Making the most of your opportunities
Pennsylvania,duties_26,47.1740711051645,Connecting across differences
Pennsylvania,duties_12,50.53009722646734,Working hard
Pennsylvania,duties_6,50.58201870933981,Doing community service
Pennsylvania,duties_30,51.232137398641676,Being self-reliant
Pennsylvania,duties_17,51.79362489586479,Protesting unfairness
Pennsylvania,duties_5,53.51929353288545,Staying informed of current events
Pennsylvania,duties_13,58.091148084424084,Making your voice heard
Pennsylvania,duties_24,60.391415050900754,Loving America
Pennsylvania,duties_15,63.900456761634686,Supporting your family
Pennsylvania,duties_11,67.24915090722205,Being patriotic
Pennsylvania,duties_27,67.4676582465932,Being grateful for your opportunities as an American
Pennsylvania,duties_7,70.34465183123064,Respecting people's differences
Pennsylvania,duties_8,70.92446302221511,Protecting the environment
Pennsylvania,duties_21,71.6186399955351,Helping your community
Pennsylvania,duties_23,72.1084921216781,Supporting equality
Pennsylvania,duties_9,72.13985980583927,Caring for future generations
Pennsylvania,duties_14,73.5743228239788,Fighting for people’s rights
Pennsylvania,duties_28,80.2265377508967,Honoring the flag
Pennsylvania,duties_16,81.04390025543958,Supporting democracy
Pennsylvania,duties_20,82.45424159246255,Practicing freedom of speech
Pennsylvania,duties_4,88.23417311410101,Reporting for jury duty
Pennsylvania,duties_19,89.8799248691979,Defending freedom
Pennsylvania,duties_3,90.28073753506618,Paying your taxes
Pennsylvania,duties_1,92.48446989819887,Voting
Pennsylvania,duties_10,93.82657053762922,Following the Constitution
Pennsylvania,duties_2,95.43476122191204,Obeying the law
Rhode Island,duties_18,12.334974661256245,Donating to charity
Rhode Island,duties_25,23.121219288143273,Making the most of your opportunities
Rhode Island,duties_17,24.501756031183593,Protesting unfairness
Rhode Island,duties_27,33.24820207208991,Being grateful for your opportunities as an American
Rhode Island,duties_30,33.24820207208991,Being self-reliant
Rhode Island,duties_26,36.06325103995566,Connecting across differences
Rhode Island,duties_12,39.726059552731876,Working hard
Rhode Island,duties_13,40.48762672514536,Making your voice heard
Rhode Island,duties_5,45.88691257809129,Staying informed of current events
Rhode Island,duties_15,46.19023382390229,Supporting your family
Rhode Island,duties_11,49.9115479905076,Being patriotic
Rhode Island,duties_7,51.15467013591287,Respecting people's differences
Rhode Island,duties_24,54.00336497383725,Loving America
Rhode Island,duties_9,57.67556052165346,Caring for future generations
Rhode Island,duties_29,57.88914343030939,Welcoming refugees
Rhode Island,duties_22,61.2427896268927,Joining the military
Rhode Island,duties_28,66.64207547983864,Honoring the flag
Rhode Island,duties_6,73.75581290815167,Doing community service
Rhode Island,duties_4,78.74772787868336,Reporting for jury duty
Rhode Island,duties_16,79.58410723165102,Supporting democracy
Rhode Island,duties_3,79.94414459203219,Paying your taxes
Rhode Island,duties_1,84.90858090404278,Voting
Rhode Island,duties_10,84.90858090404278,Following the Constitution
Rhode Island,duties_21,85.61927303226801,Helping your community
Rhode Island,duties_14,89.31112431990888,Fighting for people’s rights
Rhode Island,duties_19,93.8391469746406,Defending freedom
Rhode Island,duties_20,94.67552632760825,Practicing freedom of speech
Rhode Island,duties_8,94.67552632760825,Protecting the environment
Rhode Island,duties_2,100,Obeying the law
Rhode Island,duties_23,100,Supporting equality
South Carolina,duties_18,36.3101589181104,Donating to charity
South Carolina,duties_29,40.512372969132265,Welcoming refugees
South Carolina,duties_25,45.682853255912676,Making the most of your opportunities
South Carolina,duties_22,48.79299001892559,Joining the military
South Carolina,duties_17,51.046616137654745,Protesting unfairness
South Carolina,duties_30,52.26913931789547,Being self-reliant
South Carolina,duties_26,54.22111152360508,Connecting across differences
South Carolina,duties_5,54.52867129244503,Staying informed of current events
South Carolina,duties_13,55.013343139591896,Making your voice heard
South Carolina,duties_12,55.442825732807066,Working hard
South Carolina,duties_15,56.88056172423745,Supporting your family
South Carolina,duties_27,61.36601771745749,Being grateful for your opportunities as an American
South Carolina,duties_9,61.970343883216586,Caring for future generations
South Carolina,duties_7,67.03117691476717,Respecting people's differences
South Carolina,duties_6,67.46052335897863,Doing community service
South Carolina,duties_11,70.77672612229561,Being patriotic
South Carolina,duties_24,70.84840385291365,Loving America
South Carolina,duties_23,72.71280564056151,Supporting equality
South Carolina,duties_8,73.92665293729931,Protecting the environment
South Carolina,duties_14,75.66953155414441,Fighting for people’s rights
South Carolina,duties_20,76.4723518244144,Practicing freedom of speech
South Carolina,duties_16,80.62826702410327,Supporting democracy
South Carolina,duties_28,81.37550414507464,Honoring the flag
South Carolina,duties_21,81.74173505500039,Helping your community
South Carolina,duties_4,82.9747311895913,Reporting for jury duty
South Carolina,duties_2,87.47701132891386,Obeying the law
South Carolina,duties_3,87.54284084104692,Paying your taxes
South Carolina,duties_19,90.17513847208393,Defending freedom
South Carolina,duties_10,90.52508230572829,Following the Constitution
South Carolina,duties_1,91.12716023402511,Voting
South Dakota,duties_29,32.89959626891652,Welcoming refugees
South Dakota,duties_18,36.651079084439814,Donating to charity
South Dakota,duties_5,41.83026687415968,Staying informed of current events
South Dakota,duties_22,42.376755159981485,Joining the military
South Dakota,duties_17,47.73236178051049,Protesting unfairness
South Dakota,duties_13,56.80951311543458,Making your voice heard
South Dakota,duties_4,60.93448383540553,Reporting for jury duty
South Dakota,duties_8,61.62515077076618,Protecting the environment
South Dakota,duties_6,63.95427764174659,Doing community service
South Dakota,duties_25,64.03842936557315,Making the most of your opportunities
South Dakota,duties_9,64.71673358308747,Caring for future generations
South Dakota,duties_30,67.64629694985906,Being self-reliant
South Dakota,duties_12,67.94263349284446,Working hard
South Dakota,duties_23,67.98913955443493,Supporting equality
South Dakota,duties_24,69.95472248150749,Loving America
South Dakota,duties_26,70.21709239270922,Connecting across differences
South Dakota,duties_20,72.30501928705088,Practicing freedom of speech
South Dakota,duties_15,73.11092347219456,Supporting your family
South Dakota,duties_27,74.53141552222611,Being grateful for your opportunities as an American
South Dakota,duties_16,76.19988114386543,Supporting democracy
South Dakota,duties_11,77.03131227733226,Being patriotic
South Dakota,duties_1,79.53878741725843,Voting
South Dakota,duties_14,79.70832456392077,Fighting for people’s rights
South Dakota,duties_21,80.22945435261907,Helping your community
South Dakota,duties_7,83.42950915970461,Respecting people's differences
South Dakota,duties_28,87.96291996974973,Honoring the flag
South Dakota,duties_19,93.98753175519361,Defending freedom
South Dakota,duties_10,100,Following the Constitution
South Dakota,duties_2,100,Obeying the law
South Dakota,duties_3,100,Paying your taxes
Tennessee,duties_18,26.748174039448024,Donating to charity
Tennessee,duties_25,36.83122151876183,Making the most of your opportunities
Tennessee,duties_29,41.26288805182164,Welcoming refugees
Tennessee,duties_13,47.57382430938247,Making your voice heard
Tennessee,duties_5,47.64053655986577,Staying informed of current events
Tennessee,duties_6,49.173120109040035,Doing community service
Tennessee,duties_30,50.3073383155455,Being self-reliant
Tennessee,duties_22,50.42219212357423,Joining the military
Tennessee,duties_11,56.70096471502236,Being patriotic
Tennessee,duties_26,58.21417690063251,Connecting across differences
Tennessee,duties_27,60.33156045649245,Being grateful for your opportunities as an American
Tennessee,duties_17,62.043072564597715,Protesting unfairness
Tennessee,duties_12,65.44935473554357,Working hard
Tennessee,duties_24,65.64299608226547,Loving America
Tennessee,duties_7,73.10001988796205,Respecting people's differences
Tennessee,duties_15,73.64029504933036,Supporting your family
Tennessee,duties_9,75.04472638209067,Caring for future generations
Tennessee,duties_20,76.24867800501241,Practicing freedom of speech
Tennessee,duties_16,77.16051288251464,Supporting democracy
Tennessee,duties_23,79.03570149503956,Supporting equality
Tennessee,duties_21,80.56618952533827,Helping your community
Tennessee,duties_8,82.92977126489343,Protecting the environment
Tennessee,duties_14,83.22163742113878,Fighting for people’s rights
Tennessee,duties_1,83.42097737725479,Voting
Tennessee,duties_28,86.65653680332504,Honoring the flag
Tennessee,duties_3,90.37105304762278,Paying your taxes
Tennessee,duties_4,91.94489687801394,Reporting for jury duty
Tennessee,duties_19,92.43879843640484,Defending freedom
Tennessee,duties_10,94.06566354933061,Following the Constitution
Tennessee,duties_2,97.72952025545511,Obeying the law
Texas,duties_18,34.84838596864023,Donating to charity
Texas,duties_22,42.89919000078629,Joining the military
Texas,duties_29,44.76071832470701,Welcoming refugees
Texas,duties_25,49.10239907718119,Making the most of your opportunities
Texas,duties_30,49.26164428768535,Being self-reliant
Texas,duties_5,52.86377281389145,Staying informed of current events
Texas,duties_17,53.51145563567171,Protesting unfairness
Texas,duties_24,56.11466187339026,Loving America
Texas,duties_26,56.49774909989615,Connecting across differences
Texas,duties_12,57.35427176700607,Working hard
Texas,duties_6,58.74319995793967,Doing community service
Texas,duties_11,58.85507688616701,Being patriotic
Texas,duties_27,60.79085907069162,Being grateful for your opportunities as an American
Texas,duties_13,60.9007035020886,Making your voice heard
Texas,duties_15,62.448816134276484,Supporting your family
Texas,duties_7,70.95688969309883,Respecting people's differences
Texas,duties_8,70.97645719414109,Protecting the environment
Texas,duties_9,71.30591735803684,Caring for future generations
Texas,duties_23,71.41744697831096,Supporting equality
Texas,duties_21,72.64332377143286,Helping your community
Texas,duties_16,73.0285561274774,Supporting democracy
Texas,duties_14,73.63544479259438,Fighting for people’s rights
Texas,duties_28,76.24472057243688,Honoring the flag
Texas,duties_20,76.87226156325151,Practicing freedom of speech
Texas,duties_19,84.94803468303499,Defending freedom
Texas,duties_4,85.76249951053735,Reporting for jury duty
Texas,duties_1,86.10466736845929,Voting
Texas,duties_3,87.9303262922741,Paying your taxes
Texas,duties_10,88.30912752518348,Following the Constitution
Texas,duties_2,92.17379072499645,Obeying the law
Utah,duties_22,26.831777567132338,Joining the military
Utah,duties_18,33.12559983034262,Donating to charity
Utah,duties_5,36.578839520608156,Staying informed of current events
Utah,duties_26,37.32561245852201,Connecting across differences
Utah,duties_24,42.72121936835516,Loving America
Utah,duties_25,43.75014676968366,Making the most of your opportunities
Utah,duties_29,45.84804239751599,Welcoming refugees
Utah,duties_11,46.83094095436698,Being patriotic
Utah,duties_12,47.51884505472922,Working hard
Utah,duties_13,48.73112279744063,Making your voice heard
Utah,duties_30,49.32214195868015,Being self-reliant
Utah,duties_27,51.19367617703615,Being grateful for your opportunities as an American
Utah,duties_6,53.85862870742304,Doing community service
Utah,duties_7,58.32948960640172,Respecting people's differences
Utah,duties_20,58.773755849586514,Practicing freedom of speech
Utah,duties_17,59.34272749156616,Protesting unfairness
Utah,duties_9,62.158237463597,Caring for future generations
Utah,duties_15,64.63524079967542,Supporting your family
Utah,duties_16,64.70626162389877,Supporting democracy
Utah,duties_23,65.81724857037057,Supporting equality
Utah,duties_21,66.13818543392213,Helping your community
Utah,duties_14,74.5044474961155,Fighting for people’s rights
Utah,duties_8,78.92068646203202,Protecting the environment
Utah,duties_10,83.20205332354617,Following the Constitution
Utah,duties_28,83.73558090511693,Honoring the flag
Utah,duties_19,85.72934135290538,Defending freedom
Utah,duties_1,87.33091042733098,Voting
Utah,duties_3,89.84931209799527,Paying your taxes
Utah,duties_4,92.43896244502808,Reporting for jury duty
Utah,duties_2,98.06480526372637,Obeying the law
Vermont,duties_13,32.1624722410507,Making your voice heard
Vermont,duties_30,33.03796108423605,Being self-reliant
Vermont,duties_25,42.259484671145195,Making the most of your opportunities
Vermont,duties_11,42.59379487352646,Being patriotic
Vermont,duties_29,42.998927239534545,Welcoming refugees
Vermont,duties_12,44.92099475350602,Working hard
Vermont,duties_22,45.490165070940705,Joining the military
Vermont,duties_20,53.11636350387232,Practicing freedom of speech
Vermont,duties_28,53.11636350387232,Honoring the flag
Vermont,duties_24,53.25997762105564,Loving America
Vermont,duties_18,55.052233159759176,Donating to charity
Vermont,duties_27,55.052233159759176,Being grateful for your opportunities as an American
Vermont,duties_15,55.75744975198986,Supporting your family
Vermont,duties_17,65.71841590728836,Protesting unfairness
Vermont,duties_26,65.71841590728836,Connecting across differences
Vermont,duties_6,65.71841590728836,Doing community service
Vermont,duties_8,65.71841590728836,Protecting the environment
Vermont,duties_1,66.44405633376233,Voting
Vermont,duties_16,66.58767045094565,Supporting democracy
Vermont,duties_21,67.80452137268644,Helping your community
Vermont,duties_5,68.37992598964918,Staying informed of current events
Vermont,duties_23,76.41125678858889,Supporting equality
Vermont,duties_14,78.90249461999505,Fighting for people’s rights
Vermont,duties_7,79.04610873717837,Respecting people's differences
Vermont,duties_9,79.04610873717837,Caring for future generations
Vermont,duties_2,89.16354500151617,Obeying the law
Vermont,duties_3,89.16354500151617,Paying your taxes
Vermont,duties_10,100,Following the Constitution
Vermont,duties_19,100,Defending freedom
Vermont,duties_4,100,Reporting for jury duty
Virginia,duties_22,34.102775086727995,Joining the military
Virginia,duties_18,34.91307471514021,Donating to charity
Virginia,duties_25,38.352702908016866,Making the most of your opportunities
Virginia,duties_26,41.64502251215346,Connecting across differences
Virginia,duties_29,43.26329449084752,Welcoming refugees
Virginia,duties_30,46.37927194038005,Being self-reliant
Virginia,duties_24,46.644007752270625,Loving America
Virginia,duties_11,48.217819373589535,Being patriotic
Virginia,duties_12,50.76172293338104,Working hard
Virginia,duties_13,52.732024079145866,Making your voice heard
Virginia,duties_5,53.50798993666515,Staying informed of current events
Virginia,duties_6,53.894309021023865,Doing community service
Virginia,duties_27,57.84799075761794,Being grateful for your opportunities as an American
Virginia,duties_17,60.45307197140822,Protesting unfairness
Virginia,duties_15,61.07346791495277,Supporting your family
Virginia,duties_28,62.43938494781979,Honoring the flag
Virginia,duties_7,67.91962165150174,Respecting people's differences
Virginia,duties_23,68.55502818182165,Supporting equality
Virginia,duties_9,69.28784721564857,Caring for future generations
Virginia,duties_8,70.39562788214299,Protecting the environment
Virginia,duties_21,73.83477952717008,Helping your community
Virginia,duties_16,76.2594451583202,Supporting democracy
Virginia,duties_14,76.92738616585135,Fighting for people’s rights
Virginia,duties_20,80.96210058801263,Practicing freedom of speech
Virginia,duties_19,86.70447489054324,Defending freedom
Virginia,duties_3,90.11585477258193,Paying your taxes
Virginia,duties_4,90.85694116985356,Reporting for jury duty
Virginia,duties_1,90.99452164803678,Voting
Virginia,duties_10,94.19672424351222,Following the Constitution
Virginia,duties_2,99.2745161399333,Obeying the law
Washington,duties_18,41.78985847878972,Donating to charity
Washington,duties_22,43.50888621849266,Joining the military
Washington,duties_27,53.3062171644602,Being grateful for your opportunities as an American
Washington,duties_25,54.72298251946606,Making the most of your opportunities
Washington,duties_6,56.32440314463195,Doing community service
Washington,duties_12,57.15307277170282,Working hard
Washington,duties_5,57.173147267150014,Staying informed of current events
Washington,duties_13,57.43981500825445,Making your voice heard
Washington,duties_26,57.94176888255198,Connecting across differences
Washington,duties_11,57.96386623713807,Being patriotic
Washington,duties_24,58.56215770662689,Loving America
Washington,duties_29,59.55912953218784,Welcoming refugees
Washington,duties_30,60.304814447678304,Being self-reliant
Washington,duties_16,62.59197482329294,Supporting democracy
Washington,duties_15,63.35413659521505,Supporting your family
Washington,duties_17,64.28308358882019,Protesting unfairness
Washington,duties_14,70.10694838958823,Fighting for people’s rights
Washington,duties_20,70.54733456299267,Practicing freedom of speech
Washington,duties_28,71.15650109981134,Honoring the flag
Washington,duties_23,71.95733617761627,Supporting equality
Washington,duties_7,72.21755208647421,Respecting people's differences
Washington,duties_21,72.33698227934427,Helping your community
Washington,duties_9,75.92688541502484,Caring for future generations
Washington,duties_19,77.15658657900045,Defending freedom
Washington,duties_8,80.1205775635968,Protecting the environment
Washington,duties_1,81.15917576043064,Voting
Washington,duties_3,82.25474215725903,Paying your taxes
Washington,duties_4,83.454001443745355,Reporting for jury duty
Washington,duties_2,84.55431018478653,Obeying the law
Washington,duties_10,88.50787776082441,Following the Constitution
West Virginia,duties_18,31.061777089296978,Donating to charity
West Virginia,duties_29,32.39462476644011,Welcoming refugees
West Virginia,duties_22,36.72950733225807,Joining the military
West Virginia,duties_6,36.974913212248936,Doing community service
West Virginia,duties_5,47.39951409106228,Staying informed of current events
West Virginia,duties_13,50.389714848731735,Making your voice heard
West Virginia,duties_17,51.73355572007572,Protesting unfairness
West Virginia,duties_25,52.02404671527867,Making the most of your opportunities
West Virginia,duties_24,53.64096314839767,Loving America
West Virginia,duties_30,55.42179296860312,Being self-reliant
West Virginia,duties_27,56.43787456865302,Being grateful for your opportunities as an American
West Virginia,duties_8,56.680527773964016,Protecting the environment
West Virginia,duties_12,59.77828157560029,Working hard
West Virginia,duties_11,59.886440776584685,Being patriotic
West Virginia,duties_7,61.73974507797324,Respecting people's differences
West Virginia,duties_16,64.34805006837205,Supporting democracy
West Virginia,duties_26,64.92695284235155,Connecting across differences
West Virginia,duties_15,65.07497598639229,Supporting your family
West Virginia,duties_23,66.39165647628418,Supporting equality
West Virginia,duties_20,75.4569858962711,Practicing freedom of speech
West Virginia,duties_9,77.68569560939412,Caring for future generations
West Virginia,duties_1,78.93499081080105,Voting
West Virginia,duties_3,79.23888946676676,Paying your taxes
West Virginia,duties_21,81.30771436365495,Helping your community
West Virginia,duties_4,84.14866026598857,Reporting for jury duty
West Virginia,duties_19,89.66720675956199,Defending freedom
West Virginia,duties_2,92.97888320760134,Obeying the law
West Virginia,duties_14,93.3766471039213,Fighting for people’s rights
West Virginia,duties_28,95.27703226465931,Honoring the flag
West Virginia,duties_10,100,Following the Constitution
Wisconsin,duties_6,31.958013211217327,Doing community service
Wisconsin,duties_22,32.223191591715874,Joining the military
Wisconsin,duties_18,35.23084825060078,Donating to charity
Wisconsin,duties_29,40.320541068586465,Welcoming refugees
Wisconsin,duties_24,40.42289217823875,Loving America
Wisconsin,duties_25,41.66503691340886,Making the most of your opportunities
Wisconsin,duties_13,43.01268673456563,Making your voice heard
Wisconsin,duties_12,50.17485808938831,Working hard
Wisconsin,duties_11,51.27908043325271,Being patriotic
Wisconsin,duties_5,53.035683446628504,Staying informed of current events
Wisconsin,duties_30,54.23166641163712,Being self-reliant
Wisconsin,duties_26,54.941881668829694,Connecting across differences
Wisconsin,duties_17,59.54399643863325,Protesting unfairness
Wisconsin,duties_27,59.63817708454868,Being grateful for your opportunities as an American
Wisconsin,duties_21,60.452308965895355,Helping your community
Wisconsin,duties_7,61.81628770663076,Respecting people's differences
Wisconsin,duties_15,62.64968447514908,Supporting your family
Wisconsin,duties_23,62.68482158566292,Supporting equality
Wisconsin,duties_20,66.23207497512749,Practicing freedom of speech
Wisconsin,duties_14,66.2828715896493,Fighting for people’s rights
Wisconsin,duties_8,66.35932468819553,Protecting the environment
Wisconsin,duties_9,66.58812493721857,Caring for future generations
Wisconsin,duties_16,70.92215299453228,Supporting democracy
Wisconsin,duties_28,74.15555962616659,Honoring the flag
Wisconsin,duties_19,74.55991261940365,Defending freedom
Wisconsin,duties_1,80.85147796550491,Voting
Wisconsin,duties_2,83.30288991534744,Obeying the law
Wisconsin,duties_4,87.65263256471482,Reporting for jury duty
Wisconsin,duties_10,88.26836947902802,Following the Constitution
Wisconsin,duties_3,94.800603475444575,Paying your taxes
Wyoming,duties_18,0,Donating to charity
Wyoming,duties_22,0,Joining the military
Wyoming,duties_26,0,Connecting across differences
Wyoming,duties_5,0,Staying informed of current events
Wyoming,duties_13,14.951140237972343,Making your voice heard
Wyoming,duties_17,14.951140237972343,Protesting unfairness
Wyoming,duties_6,14.951140237972343,Doing community service
Wyoming,duties_14,32.69834384680065,Fighting for people’s rights
Wyoming,duties_29,32.69834384680065,Welcoming refugees
Wyoming,duties_9,32.69834384680065,Caring for future generations
Wyoming,duties_25,38.49260490643282,Making the most of your opportunities
Wyoming,duties_16,43.986564004339755,Supporting democracy
Wyoming,duties_12,50.16470072939505,Working hard
Wyoming,duties_15,58.93770424231211,Supporting your family
Wyoming,duties_21,58.93770424231211,Helping your community
Wyoming,duties_7,58.93770424231211,Respecting people's differences
Wyoming,duties_24,61.73376761316808,Loving America
Wyoming,duties_8,64.81553900564217,Protecting the environment
Wyoming,duties_11,67.88280484115849,Being patriotic
Wyoming,duties_20,67.91190433822337,Practicing freedom of speech
Wyoming,duties_27,67.91190433822337,Being grateful for your opportunities as an American
Wyoming,duties_30,70.60980006527433,Being self-reliant
Wyoming,duties_23,76.68490785114041,Supporting equality
Wyoming,duties_4,85.04885976202766,Reporting for jury duty
Wyoming,duties_1,88.32790417703778,Voting
Wyoming,duties_2,88.35700367410264,Obeying the law
Wyoming,duties_10,100,Following the Constitution
Wyoming,duties_19,100,Defending freedom
Wyoming,duties_28,100,Honoring the flag
Wyoming,duties_3,100,Paying your taxes
